,,,,,
,Park,Traffic Counter,Year,Month,Traffic Count
,Abraham Lincoln Birthplace NHP,TRAFFIC COUNT AT KNOB CREEK,2018,1,544
,Abraham Lincoln Birthplace NHP,TRAFFIC COUNT AT KNOB CREEK,2018,2,761
,Abraham Lincoln Birthplace NHP,TRAFFIC COUNT AT KNOB CREEK,2018,3,"2,114"
,Abraham Lincoln Birthplace NHP,TRAFFIC COUNT AT KNOB CREEK,2018,4,"2,546"
,Abraham Lincoln Birthplace NHP,TRAFFIC COUNT AT KNOB CREEK,2018,5,"3,359"
,Abraham Lincoln Birthplace NHP,TRAFFIC COUNT AT KNOB CREEK,2018,6,"3,536"
,Abraham Lincoln Birthplace NHP,TRAFFIC COUNT AT KNOB CREEK,2018,7,"5,500"
,Abraham Lincoln Birthplace NHP,TRAFFIC COUNT AT KNOB CREEK,2018,8,"1,512"
,Abraham Lincoln Birthplace NHP,TRAFFIC COUNT AT KNOB CREEK,2018,9,"3,000"
,Abraham Lincoln Birthplace NHP,TRAFFIC COUNT AT KNOB CREEK,2018,10,"2,200"
,Abraham Lincoln Birthplace NHP,TRAFFIC COUNT AT KNOB CREEK,2018,11,"1,205"
,Abraham Lincoln Birthplace NHP,TRAFFIC COUNT AT KNOB CREEK,2018,12,510
,Abraham Lincoln Birthplace NHP,TRAFFIC COUNT AT KNOB CREEK,2019,1,330
,Abraham Lincoln Birthplace NHP,TRAFFIC COUNT AT KNOB CREEK,2019,2,439
,Abraham Lincoln Birthplace NHP,TRAFFIC COUNT AT KNOB CREEK,2019,3,793
,Abraham Lincoln Birthplace NHP,TRAFFIC COUNT AT KNOB CREEK,2019,4,"1,156"
,Abraham Lincoln Birthplace NHP,TRAFFIC COUNT AT KNOB CREEK,2019,5,"1,462"
,Abraham Lincoln Birthplace NHP,TRAFFIC COUNT AT KNOB CREEK,2019,6,"2,215"
,Abraham Lincoln Birthplace NHP,TRAFFIC COUNT AT KNOB CREEK,2019,7,"3,235"
,Abraham Lincoln Birthplace NHP,TRAFFIC COUNT AT KNOB CREEK,2019,8,"3,347"
,Abraham Lincoln Birthplace NHP,TRAFFIC COUNT AT KNOB CREEK,2019,9,"2,935"
,Abraham Lincoln Birthplace NHP,TRAFFIC COUNT AT KNOB CREEK,2019,10,"2,120"
,Abraham Lincoln Birthplace NHP,TRAFFIC COUNT AT KNOB CREEK,2019,11,904
,Abraham Lincoln Birthplace NHP,TRAFFIC COUNT AT KNOB CREEK,2019,12,479
,Abraham Lincoln Birthplace NHP,TRAFFIC COUNT AT MAIN ENTRANCE,2018,1,"1,173"
,Abraham Lincoln Birthplace NHP,TRAFFIC COUNT AT MAIN ENTRANCE,2018,2,"1,776"
,Abraham Lincoln Birthplace NHP,TRAFFIC COUNT AT MAIN ENTRANCE,2018,3,"3,485"
,Abraham Lincoln Birthplace NHP,TRAFFIC COUNT AT MAIN ENTRANCE,2018,4,"3,925"
,Abraham Lincoln Birthplace NHP,TRAFFIC COUNT AT MAIN ENTRANCE,2018,5,"4,488"
,Abraham Lincoln Birthplace NHP,TRAFFIC COUNT AT MAIN ENTRANCE,2018,6,"4,746"
,Abraham Lincoln Birthplace NHP,TRAFFIC COUNT AT MAIN ENTRANCE,2018,7,"5,941"
,Abraham Lincoln Birthplace NHP,TRAFFIC COUNT AT MAIN ENTRANCE,2018,8,"3,464"
,Abraham Lincoln Birthplace NHP,TRAFFIC COUNT AT MAIN ENTRANCE,2018,9,"3,593"
,Abraham Lincoln Birthplace NHP,TRAFFIC COUNT AT MAIN ENTRANCE,2018,10,"3,773"
,Abraham Lincoln Birthplace NHP,TRAFFIC COUNT AT MAIN ENTRANCE,2018,11,"2,232"
,Abraham Lincoln Birthplace NHP,TRAFFIC COUNT AT MAIN ENTRANCE,2018,12,423
,Abraham Lincoln Birthplace NHP,TRAFFIC COUNT AT MAIN ENTRANCE,2019,1,66
,Abraham Lincoln Birthplace NHP,TRAFFIC COUNT AT MAIN ENTRANCE,2019,2,"1,431"
,Abraham Lincoln Birthplace NHP,TRAFFIC COUNT AT MAIN ENTRANCE,2019,3,"3,600"
,Abraham Lincoln Birthplace NHP,TRAFFIC COUNT AT MAIN ENTRANCE,2019,4,"2,380"
,Abraham Lincoln Birthplace NHP,TRAFFIC COUNT AT MAIN ENTRANCE,2019,5,"4,010"
,Abraham Lincoln Birthplace NHP,TRAFFIC COUNT AT MAIN ENTRANCE,2019,6,"3,856"
,Abraham Lincoln Birthplace NHP,TRAFFIC COUNT AT MAIN ENTRANCE,2019,7,"5,419"
,Abraham Lincoln Birthplace NHP,TRAFFIC COUNT AT MAIN ENTRANCE,2019,8,"4,599"
,Abraham Lincoln Birthplace NHP,TRAFFIC COUNT AT MAIN ENTRANCE,2019,9,"4,071"
,Abraham Lincoln Birthplace NHP,TRAFFIC COUNT AT MAIN ENTRANCE,2019,10,"3,652"
,Abraham Lincoln Birthplace NHP,TRAFFIC COUNT AT MAIN ENTRANCE,2019,11,"3,759"
,Abraham Lincoln Birthplace NHP,TRAFFIC COUNT AT MAIN ENTRANCE,2019,12,"1,480"
,Abraham Lincoln Birthplace NHP,TRAFFIC COUNT AT PICNIC PARKING LOT,2018,1,354
,Abraham Lincoln Birthplace NHP,TRAFFIC COUNT AT PICNIC PARKING LOT,2018,2,549
,Abraham Lincoln Birthplace NHP,TRAFFIC COUNT AT PICNIC PARKING LOT,2018,3,653
,Abraham Lincoln Birthplace NHP,TRAFFIC COUNT AT PICNIC PARKING LOT,2018,4,987
,Abraham Lincoln Birthplace NHP,TRAFFIC COUNT AT PICNIC PARKING LOT,2018,5,"1,290"
,Abraham Lincoln Birthplace NHP,TRAFFIC COUNT AT PICNIC PARKING LOT,2018,6,"1,128"
,Abraham Lincoln Birthplace NHP,TRAFFIC COUNT AT PICNIC PARKING LOT,2018,7,"1,139"
,Abraham Lincoln Birthplace NHP,TRAFFIC COUNT AT PICNIC PARKING LOT,2018,8,895
,Abraham Lincoln Birthplace NHP,TRAFFIC COUNT AT PICNIC PARKING LOT,2018,9,"1,279"
,Abraham Lincoln Birthplace NHP,TRAFFIC COUNT AT PICNIC PARKING LOT,2018,10,996
,Abraham Lincoln Birthplace NHP,TRAFFIC COUNT AT PICNIC PARKING LOT,2018,11,620
,Abraham Lincoln Birthplace NHP,TRAFFIC COUNT AT PICNIC PARKING LOT,2018,12,363
,Abraham Lincoln Birthplace NHP,TRAFFIC COUNT AT PICNIC PARKING LOT,2019,1,309
,Abraham Lincoln Birthplace NHP,TRAFFIC COUNT AT PICNIC PARKING LOT,2019,2,506
,Abraham Lincoln Birthplace NHP,TRAFFIC COUNT AT PICNIC PARKING LOT,2019,3,811
,Abraham Lincoln Birthplace NHP,TRAFFIC COUNT AT PICNIC PARKING LOT,2019,4,"1,083"
,Abraham Lincoln Birthplace NHP,TRAFFIC COUNT AT PICNIC PARKING LOT,2019,5,"1,456"
,Abraham Lincoln Birthplace NHP,TRAFFIC COUNT AT PICNIC PARKING LOT,2019,6,"1,023"
,Abraham Lincoln Birthplace NHP,TRAFFIC COUNT AT PICNIC PARKING LOT,2019,7,"1,193"
,Abraham Lincoln Birthplace NHP,TRAFFIC COUNT AT PICNIC PARKING LOT,2019,8,"1,330"
,Abraham Lincoln Birthplace NHP,TRAFFIC COUNT AT PICNIC PARKING LOT,2019,9,"1,681"
,Abraham Lincoln Birthplace NHP,TRAFFIC COUNT AT PICNIC PARKING LOT,2019,10,"1,116"
,Abraham Lincoln Birthplace NHP,TRAFFIC COUNT AT PICNIC PARKING LOT,2019,11,"1,119"
,Abraham Lincoln Birthplace NHP,TRAFFIC COUNT AT PICNIC PARKING LOT,2019,12,489
,Acadia NP,TRAFFIC COUNT AT SAND BEACH,2018,1,"2,576"
,Acadia NP,TRAFFIC COUNT AT SAND BEACH,2018,2,"2,713"
,Acadia NP,TRAFFIC COUNT AT SAND BEACH,2018,3,"4,490"
,Acadia NP,TRAFFIC COUNT AT SAND BEACH,2018,4,"9,300"
,Acadia NP,TRAFFIC COUNT AT SAND BEACH,2018,5,"28,645"
,Acadia NP,TRAFFIC COUNT AT SAND BEACH,2018,6,"52,604"
,Acadia NP,TRAFFIC COUNT AT SAND BEACH,2018,7,"75,831"
,Acadia NP,TRAFFIC COUNT AT SAND BEACH,2018,8,"76,602"
,Acadia NP,TRAFFIC COUNT AT SAND BEACH,2018,9,"62,366"
,Acadia NP,TRAFFIC COUNT AT SAND BEACH,2018,10,"47,341"
,Acadia NP,TRAFFIC COUNT AT SAND BEACH,2018,11,"5,195"
,Acadia NP,TRAFFIC COUNT AT SAND BEACH,2018,12,"2,859"
,Acadia NP,TRAFFIC COUNT AT SAND BEACH,2019,1,"1,620"
,Acadia NP,TRAFFIC COUNT AT SAND BEACH,2019,2,"1,876"
,Acadia NP,TRAFFIC COUNT AT SAND BEACH,2019,3,"3,673"
,Acadia NP,TRAFFIC COUNT AT SAND BEACH,2019,4,"8,625"
,Acadia NP,TRAFFIC COUNT AT SAND BEACH,2019,5,"25,714"
,Acadia NP,TRAFFIC COUNT AT SAND BEACH,2019,6,"51,944"
,Acadia NP,TRAFFIC COUNT AT SAND BEACH,2019,7,"75,628"
,Acadia NP,TRAFFIC COUNT AT SAND BEACH,2019,8,"75,542"
,Acadia NP,TRAFFIC COUNT AT SAND BEACH,2019,9,"60,667"
,Acadia NP,TRAFFIC COUNT AT SAND BEACH,2019,10,"47,346"
,Acadia NP,TRAFFIC COUNT AT SAND BEACH,2019,11,"5,951"
,Acadia NP,TRAFFIC COUNT AT SAND BEACH,2019,12,"2,907"
,Acadia NP,TRAFFIC COUNT AT SCHOODIC,2018,1,"1,950"
,Acadia NP,TRAFFIC COUNT AT SCHOODIC,2018,2,"1,800"
,Acadia NP,TRAFFIC COUNT AT SCHOODIC,2018,3,"2,600"
,Acadia NP,TRAFFIC COUNT AT SCHOODIC,2018,4,"3,300"
,Acadia NP,TRAFFIC COUNT AT SCHOODIC,2018,5,"8,144"
,Acadia NP,TRAFFIC COUNT AT SCHOODIC,2018,6,"15,733"
,Acadia NP,TRAFFIC COUNT AT SCHOODIC,2018,7,"23,940"
,Acadia NP,TRAFFIC COUNT AT SCHOODIC,2018,8,"23,940"
,Acadia NP,TRAFFIC COUNT AT SCHOODIC,2018,9,"16,062"
,Acadia NP,TRAFFIC COUNT AT SCHOODIC,2018,10,"10,168"
,Acadia NP,TRAFFIC COUNT AT SCHOODIC,2018,11,"2,750"
,Acadia NP,TRAFFIC COUNT AT SCHOODIC,2018,12,"1,800"
,Acadia NP,TRAFFIC COUNT AT SCHOODIC,2019,1,"1,950"
,Acadia NP,TRAFFIC COUNT AT SCHOODIC,2019,2,"1,800"
,Acadia NP,TRAFFIC COUNT AT SCHOODIC,2019,3,"2,600"
,Acadia NP,TRAFFIC COUNT AT SCHOODIC,2019,4,"3,300"
,Acadia NP,TRAFFIC COUNT AT SCHOODIC,2019,5,"7,453"
,Acadia NP,TRAFFIC COUNT AT SCHOODIC,2019,6,"14,872"
,Acadia NP,TRAFFIC COUNT AT SCHOODIC,2019,7,"23,171"
,Acadia NP,TRAFFIC COUNT AT SCHOODIC,2019,8,"23,884"
,Acadia NP,TRAFFIC COUNT AT SCHOODIC,2019,9,"18,807"
,Acadia NP,TRAFFIC COUNT AT SCHOODIC,2019,10,"11,517"
,Acadia NP,TRAFFIC COUNT AT SCHOODIC,2019,11,"2,750"
,Acadia NP,TRAFFIC COUNT AT SCHOODIC,2019,12,"1,800"
,Allegheny Portage Railroad NHS,TRAFFIC COUNT AT DRY RUN ROAD TRAILHEAD,2018,1,"1,811"
,Allegheny Portage Railroad NHS,TRAFFIC COUNT AT DRY RUN ROAD TRAILHEAD,2018,2,"1,960"
,Allegheny Portage Railroad NHS,TRAFFIC COUNT AT DRY RUN ROAD TRAILHEAD,2018,3,"1,753"
,Allegheny Portage Railroad NHS,TRAFFIC COUNT AT DRY RUN ROAD TRAILHEAD,2018,4,"2,317"
,Allegheny Portage Railroad NHS,TRAFFIC COUNT AT DRY RUN ROAD TRAILHEAD,2018,5,"2,391"
,Allegheny Portage Railroad NHS,TRAFFIC COUNT AT DRY RUN ROAD TRAILHEAD,2018,6,"2,409"
,Allegheny Portage Railroad NHS,TRAFFIC COUNT AT DRY RUN ROAD TRAILHEAD,2018,7,"2,593"
,Allegheny Portage Railroad NHS,TRAFFIC COUNT AT DRY RUN ROAD TRAILHEAD,2018,8,"2,376"
,Allegheny Portage Railroad NHS,TRAFFIC COUNT AT DRY RUN ROAD TRAILHEAD,2018,9,"2,237"
,Allegheny Portage Railroad NHS,TRAFFIC COUNT AT DRY RUN ROAD TRAILHEAD,2018,10,"2,152"
,Allegheny Portage Railroad NHS,TRAFFIC COUNT AT DRY RUN ROAD TRAILHEAD,2018,11,"2,040"
,Allegheny Portage Railroad NHS,TRAFFIC COUNT AT DRY RUN ROAD TRAILHEAD,2018,12,"1,779"
,Allegheny Portage Railroad NHS,TRAFFIC COUNT AT DRY RUN ROAD TRAILHEAD,2019,1,"1,779"
,Allegheny Portage Railroad NHS,TRAFFIC COUNT AT DRY RUN ROAD TRAILHEAD,2019,2,"1,690"
,Allegheny Portage Railroad NHS,TRAFFIC COUNT AT DRY RUN ROAD TRAILHEAD,2019,3,"1,662"
,Allegheny Portage Railroad NHS,TRAFFIC COUNT AT DRY RUN ROAD TRAILHEAD,2019,4,"2,231"
,Allegheny Portage Railroad NHS,TRAFFIC COUNT AT DRY RUN ROAD TRAILHEAD,2019,5,"2,314"
,Allegheny Portage Railroad NHS,TRAFFIC COUNT AT DRY RUN ROAD TRAILHEAD,2019,6,"2,493"
,Allegheny Portage Railroad NHS,TRAFFIC COUNT AT DRY RUN ROAD TRAILHEAD,2019,7,"2,317"
,Allegheny Portage Railroad NHS,TRAFFIC COUNT AT DRY RUN ROAD TRAILHEAD,2019,8,"2,414"
,Allegheny Portage Railroad NHS,TRAFFIC COUNT AT DRY RUN ROAD TRAILHEAD,2019,9,"2,298"
,Allegheny Portage Railroad NHS,TRAFFIC COUNT AT DRY RUN ROAD TRAILHEAD,2019,10,"2,271"
,Allegheny Portage Railroad NHS,TRAFFIC COUNT AT DRY RUN ROAD TRAILHEAD,2019,11,"2,166"
,Allegheny Portage Railroad NHS,TRAFFIC COUNT AT DRY RUN ROAD TRAILHEAD,2019,12,"1,933"
,Allegheny Portage Railroad NHS,Traffic Count at Main Entrance,2018,1,"1,089"
,Allegheny Portage Railroad NHS,Traffic Count at Main Entrance,2018,2,"1,088"
,Allegheny Portage Railroad NHS,Traffic Count at Main Entrance,2018,3,"1,548"
,Allegheny Portage Railroad NHS,Traffic Count at Main Entrance,2018,4,"2,116"
,Allegheny Portage Railroad NHS,Traffic Count at Main Entrance,2018,5,"2,033"
,Allegheny Portage Railroad NHS,Traffic Count at Main Entrance,2018,6,"1,866"
,Allegheny Portage Railroad NHS,Traffic Count at Main Entrance,2018,7,"2,527"
,Allegheny Portage Railroad NHS,Traffic Count at Main Entrance,2018,8,"2,019"
,Allegheny Portage Railroad NHS,Traffic Count at Main Entrance,2018,9,"1,862"
,Allegheny Portage Railroad NHS,Traffic Count at Main Entrance,2018,10,"1,877"
,Allegheny Portage Railroad NHS,Traffic Count at Main Entrance,2018,11,"1,281"
,Allegheny Portage Railroad NHS,Traffic Count at Main Entrance,2018,12,911
,Allegheny Portage Railroad NHS,Traffic Count at Main Entrance,2019,1,911
,Allegheny Portage Railroad NHS,Traffic Count at Main Entrance,2019,2,921
,Allegheny Portage Railroad NHS,Traffic Count at Main Entrance,2019,3,"1,392"
,Allegheny Portage Railroad NHS,Traffic Count at Main Entrance,2019,4,"1,906"
,Allegheny Portage Railroad NHS,Traffic Count at Main Entrance,2019,5,"1,948"
,Allegheny Portage Railroad NHS,Traffic Count at Main Entrance,2019,6,"2,171"
,Allegheny Portage Railroad NHS,Traffic Count at Main Entrance,2019,7,"2,788"
,Allegheny Portage Railroad NHS,Traffic Count at Main Entrance,2019,8,"2,176"
,Allegheny Portage Railroad NHS,Traffic Count at Main Entrance,2019,9,"2,016"
,Allegheny Portage Railroad NHS,Traffic Count at Main Entrance,2019,10,"1,945"
,Allegheny Portage Railroad NHS,Traffic Count at Main Entrance,2019,11,"1,428"
,Allegheny Portage Railroad NHS,Traffic Count at Main Entrance,2019,12,987
,Allegheny Portage Railroad NHS,Traffic Count at Picnic Area,2018,1,"1,737"
,Allegheny Portage Railroad NHS,Traffic Count at Picnic Area,2018,2,"1,402"
,Allegheny Portage Railroad NHS,Traffic Count at Picnic Area,2018,3,"2,070"
,Allegheny Portage Railroad NHS,Traffic Count at Picnic Area,2018,4,"2,396"
,Allegheny Portage Railroad NHS,Traffic Count at Picnic Area,2018,5,"2,160"
,Allegheny Portage Railroad NHS,Traffic Count at Picnic Area,2018,6,"2,317"
,Allegheny Portage Railroad NHS,Traffic Count at Picnic Area,2018,7,"2,618"
,Allegheny Portage Railroad NHS,Traffic Count at Picnic Area,2018,8,"2,138"
,Allegheny Portage Railroad NHS,Traffic Count at Picnic Area,2018,9,"2,011"
,Allegheny Portage Railroad NHS,Traffic Count at Picnic Area,2018,10,"2,160"
,Allegheny Portage Railroad NHS,Traffic Count at Picnic Area,2018,11,"1,517"
,Allegheny Portage Railroad NHS,Traffic Count at Picnic Area,2018,12,"1,486"
,Allegheny Portage Railroad NHS,Traffic Count at Picnic Area,2019,1,"1,486"
,Allegheny Portage Railroad NHS,Traffic Count at Picnic Area,2019,2,"1,037"
,Allegheny Portage Railroad NHS,Traffic Count at Picnic Area,2019,3,"1,735"
,Allegheny Portage Railroad NHS,Traffic Count at Picnic Area,2019,4,"2,140"
,Allegheny Portage Railroad NHS,Traffic Count at Picnic Area,2019,5,"2,009"
,Allegheny Portage Railroad NHS,Traffic Count at Picnic Area,2019,6,"2,379"
,Allegheny Portage Railroad NHS,Traffic Count at Picnic Area,2019,7,"2,713"
,Allegheny Portage Railroad NHS,Traffic Count at Picnic Area,2019,8,"2,345"
,Allegheny Portage Railroad NHS,Traffic Count at Picnic Area,2019,9,"2,173"
,Allegheny Portage Railroad NHS,Traffic Count at Picnic Area,2019,10,"2,203"
,Allegheny Portage Railroad NHS,Traffic Count at Picnic Area,2019,11,"1,619"
,Allegheny Portage Railroad NHS,Traffic Count at Picnic Area,2019,12,"1,571"
,Allegheny Portage Railroad NHS,TRAFFIC COUNT FROM STAPLE BEND TUNNEL,2018,1,764
,Allegheny Portage Railroad NHS,TRAFFIC COUNT FROM STAPLE BEND TUNNEL,2018,2,926
,Allegheny Portage Railroad NHS,TRAFFIC COUNT FROM STAPLE BEND TUNNEL,2018,3,838
,Allegheny Portage Railroad NHS,TRAFFIC COUNT FROM STAPLE BEND TUNNEL,2018,4,"1,198"
,Allegheny Portage Railroad NHS,TRAFFIC COUNT FROM STAPLE BEND TUNNEL,2018,5,"1,279"
,Allegheny Portage Railroad NHS,TRAFFIC COUNT FROM STAPLE BEND TUNNEL,2018,6,"1,748"
,Allegheny Portage Railroad NHS,TRAFFIC COUNT FROM STAPLE BEND TUNNEL,2018,7,"2,306"
,Allegheny Portage Railroad NHS,TRAFFIC COUNT FROM STAPLE BEND TUNNEL,2018,8,"2,185"
,Allegheny Portage Railroad NHS,TRAFFIC COUNT FROM STAPLE BEND TUNNEL,2018,9,"2,193"
,Allegheny Portage Railroad NHS,TRAFFIC COUNT FROM STAPLE BEND TUNNEL,2018,10,"2,227"
,Allegheny Portage Railroad NHS,TRAFFIC COUNT FROM STAPLE BEND TUNNEL,2018,11,"1,054"
,Allegheny Portage Railroad NHS,TRAFFIC COUNT FROM STAPLE BEND TUNNEL,2018,12,782
,Allegheny Portage Railroad NHS,TRAFFIC COUNT FROM STAPLE BEND TUNNEL,2019,1,782
,Allegheny Portage Railroad NHS,TRAFFIC COUNT FROM STAPLE BEND TUNNEL,2019,2,877
,Allegheny Portage Railroad NHS,TRAFFIC COUNT FROM STAPLE BEND TUNNEL,2019,3,817
,Allegheny Portage Railroad NHS,TRAFFIC COUNT FROM STAPLE BEND TUNNEL,2019,4,"1,286"
,Allegheny Portage Railroad NHS,TRAFFIC COUNT FROM STAPLE BEND TUNNEL,2019,5,"1,156"
,Allegheny Portage Railroad NHS,TRAFFIC COUNT FROM STAPLE BEND TUNNEL,2019,6,"1,862"
,Allegheny Portage Railroad NHS,TRAFFIC COUNT FROM STAPLE BEND TUNNEL,2019,7,"2,390"
,Allegheny Portage Railroad NHS,TRAFFIC COUNT FROM STAPLE BEND TUNNEL,2019,8,"2,356"
,Allegheny Portage Railroad NHS,TRAFFIC COUNT FROM STAPLE BEND TUNNEL,2019,9,"2,422"
,Allegheny Portage Railroad NHS,TRAFFIC COUNT FROM STAPLE BEND TUNNEL,2019,10,"2,180"
,Allegheny Portage Railroad NHS,TRAFFIC COUNT FROM STAPLE BEND TUNNEL,2019,11,"1,099"
,Allegheny Portage Railroad NHS,TRAFFIC COUNT FROM STAPLE BEND TUNNEL,2019,12,884
,Amistad NRA,TRAFFIC COUNT AT BLACK BRUSH POINT,2018,1,"1,463"
,Amistad NRA,TRAFFIC COUNT AT BLACK BRUSH POINT,2018,2,"1,527"
,Amistad NRA,TRAFFIC COUNT AT BLACK BRUSH POINT,2018,3,"3,465"
,Amistad NRA,TRAFFIC COUNT AT BLACK BRUSH POINT,2018,4,"2,945"
,Amistad NRA,TRAFFIC COUNT AT BLACK BRUSH POINT,2018,5,"2,673"
,Amistad NRA,TRAFFIC COUNT AT BLACK BRUSH POINT,2018,6,"2,529"
,Amistad NRA,TRAFFIC COUNT AT BLACK BRUSH POINT,2018,7,"2,504"
,Amistad NRA,TRAFFIC COUNT AT BLACK BRUSH POINT,2018,8,"1,067"
,Amistad NRA,TRAFFIC COUNT AT BLACK BRUSH POINT,2018,9,923
,Amistad NRA,TRAFFIC COUNT AT BLACK BRUSH POINT,2018,10,"1,316"
,Amistad NRA,TRAFFIC COUNT AT BLACK BRUSH POINT,2018,11,"1,371"
,Amistad NRA,TRAFFIC COUNT AT BLACK BRUSH POINT,2018,12,"1,719"
,Amistad NRA,TRAFFIC COUNT AT BLACK BRUSH POINT,2019,1,"2,697"
,Amistad NRA,TRAFFIC COUNT AT BLACK BRUSH POINT,2019,2,"1,577"
,Amistad NRA,TRAFFIC COUNT AT BLACK BRUSH POINT,2019,3,"2,656"
,Amistad NRA,TRAFFIC COUNT AT BLACK BRUSH POINT,2019,4,"2,366"
,Amistad NRA,TRAFFIC COUNT AT BLACK BRUSH POINT,2019,5,"4,194"
,Amistad NRA,TRAFFIC COUNT AT BLACK BRUSH POINT,2019,6,"3,013"
,Amistad NRA,TRAFFIC COUNT AT BLACK BRUSH POINT,2019,7,"5,039"
,Amistad NRA,TRAFFIC COUNT AT BLACK BRUSH POINT,2019,8,"3,149"
,Amistad NRA,TRAFFIC COUNT AT BLACK BRUSH POINT,2019,9,"1,849"
,Amistad NRA,TRAFFIC COUNT AT BLACK BRUSH POINT,2019,10,"2,739"
,Amistad NRA,TRAFFIC COUNT AT BLACK BRUSH POINT,2019,11,"1,396"
,Amistad NRA,TRAFFIC COUNT AT BLACK BRUSH POINT,2019,12,"2,567"
,Amistad NRA,TRAFFIC COUNT AT BOX CANYON,2018,1,"2,100"
,Amistad NRA,TRAFFIC COUNT AT BOX CANYON,2018,2,"2,857"
,Amistad NRA,TRAFFIC COUNT AT BOX CANYON,2018,3,"6,688"
,Amistad NRA,TRAFFIC COUNT AT BOX CANYON,2018,4,"6,202"
,Amistad NRA,TRAFFIC COUNT AT BOX CANYON,2018,5,"5,469"
,Amistad NRA,TRAFFIC COUNT AT BOX CANYON,2018,6,"4,191"
,Amistad NRA,TRAFFIC COUNT AT BOX CANYON,2018,7,"5,559"
,Amistad NRA,TRAFFIC COUNT AT BOX CANYON,2018,8,"3,918"
,Amistad NRA,TRAFFIC COUNT AT BOX CANYON,2018,9,"5,195"
,Amistad NRA,TRAFFIC COUNT AT BOX CANYON,2018,10,"3,907"
,Amistad NRA,TRAFFIC COUNT AT BOX CANYON,2018,11,"2,559"
,Amistad NRA,TRAFFIC COUNT AT BOX CANYON,2018,12,"2,600"
,Amistad NRA,TRAFFIC COUNT AT BOX CANYON,2019,1,"2,600"
,Amistad NRA,TRAFFIC COUNT AT BOX CANYON,2019,2,"2,568"
,Amistad NRA,TRAFFIC COUNT AT BOX CANYON,2019,3,"1,272"
,Amistad NRA,TRAFFIC COUNT AT BOX CANYON,2019,4,"5,688"
,Amistad NRA,TRAFFIC COUNT AT BOX CANYON,2019,5,"5,513"
,Amistad NRA,TRAFFIC COUNT AT BOX CANYON,2019,6,"3,915"
,Amistad NRA,TRAFFIC COUNT AT BOX CANYON,2019,7,"5,039"
,Amistad NRA,TRAFFIC COUNT AT BOX CANYON,2019,8,"5,039"
,Amistad NRA,TRAFFIC COUNT AT BOX CANYON,2019,9,"3,576"
,Amistad NRA,TRAFFIC COUNT AT BOX CANYON,2019,10,"4,001"
,Amistad NRA,TRAFFIC COUNT AT BOX CANYON,2019,11,"2,135"
,Amistad NRA,TRAFFIC COUNT AT BOX CANYON,2019,12,"2,307"
,Amistad NRA,TRAFFIC COUNT AT DAM VC,2018,1,646
,Amistad NRA,TRAFFIC COUNT AT DAM VC,2018,2,909
,Amistad NRA,TRAFFIC COUNT AT DAM VC,2018,3,"1,618"
,Amistad NRA,TRAFFIC COUNT AT DAM VC,2018,4,920
,Amistad NRA,TRAFFIC COUNT AT DAM VC,2018,5,819
,Amistad NRA,TRAFFIC COUNT AT DAM VC,2018,6,737
,Amistad NRA,TRAFFIC COUNT AT DAM VC,2018,7,654
,Amistad NRA,TRAFFIC COUNT AT DAM VC,2018,8,570
,Amistad NRA,TRAFFIC COUNT AT DAM VC,2018,9,640
,Amistad NRA,TRAFFIC COUNT AT DAM VC,2018,10,"1,044"
,Amistad NRA,TRAFFIC COUNT AT DAM VC,2018,11,800
,Amistad NRA,TRAFFIC COUNT AT DAM VC,2018,12,0
,Amistad NRA,TRAFFIC COUNT AT DAM VC,2019,1,84
,Amistad NRA,TRAFFIC COUNT AT DAM VC,2019,2,847
,Amistad NRA,TRAFFIC COUNT AT DAM VC,2019,3,"1,418"
,Amistad NRA,TRAFFIC COUNT AT DAM VC,2019,4,697
,Amistad NRA,TRAFFIC COUNT AT DAM VC,2019,5,698
,Amistad NRA,TRAFFIC COUNT AT DAM VC,2019,6,969
,Amistad NRA,TRAFFIC COUNT AT DAM VC,2019,7,741
,Amistad NRA,TRAFFIC COUNT AT DAM VC,2019,8,570
,Amistad NRA,TRAFFIC COUNT AT DAM VC,2019,9,439
,Amistad NRA,TRAFFIC COUNT AT DAM VC,2019,10,603
,Amistad NRA,TRAFFIC COUNT AT DAM VC,2019,11,442
,Amistad NRA,TRAFFIC COUNT AT DAM VC,2019,12,434
,Amistad NRA,TRAFFIC COUNT AT DIABLO EAST,2018,1,"3,955"
,Amistad NRA,TRAFFIC COUNT AT DIABLO EAST,2018,2,"3,045"
,Amistad NRA,TRAFFIC COUNT AT DIABLO EAST,2018,3,"6,596"
,Amistad NRA,TRAFFIC COUNT AT DIABLO EAST,2018,4,"6,184"
,Amistad NRA,TRAFFIC COUNT AT DIABLO EAST,2018,5,"6,615"
,Amistad NRA,TRAFFIC COUNT AT DIABLO EAST,2018,6,"5,953"
,Amistad NRA,TRAFFIC COUNT AT DIABLO EAST,2018,7,"5,987"
,Amistad NRA,TRAFFIC COUNT AT DIABLO EAST,2018,8,"4,685"
,Amistad NRA,TRAFFIC COUNT AT DIABLO EAST,2018,9,"4,350"
,Amistad NRA,TRAFFIC COUNT AT DIABLO EAST,2018,10,"3,998"
,Amistad NRA,TRAFFIC COUNT AT DIABLO EAST,2018,11,"3,032"
,Amistad NRA,TRAFFIC COUNT AT DIABLO EAST,2018,12,"3,673"
,Amistad NRA,TRAFFIC COUNT AT DIABLO EAST,2019,1,"3,673"
,Amistad NRA,TRAFFIC COUNT AT DIABLO EAST,2019,2,"3,923"
,Amistad NRA,TRAFFIC COUNT AT DIABLO EAST,2019,3,"5,363"
,Amistad NRA,TRAFFIC COUNT AT DIABLO EAST,2019,4,"8,310"
,Amistad NRA,TRAFFIC COUNT AT DIABLO EAST,2019,5,"7,131"
,Amistad NRA,TRAFFIC COUNT AT DIABLO EAST,2019,6,"5,611"
,Amistad NRA,TRAFFIC COUNT AT DIABLO EAST,2019,7,"7,192"
,Amistad NRA,TRAFFIC COUNT AT DIABLO EAST,2019,8,"4,705"
,Amistad NRA,TRAFFIC COUNT AT DIABLO EAST,2019,9,"5,113"
,Amistad NRA,TRAFFIC COUNT AT DIABLO EAST,2019,10,"5,113"
,Amistad NRA,TRAFFIC COUNT AT DIABLO EAST,2019,11,"3,658"
,Amistad NRA,TRAFFIC COUNT AT DIABLO EAST,2019,12,"2,411"
,Amistad NRA,TRAFFIC COUNT AT GOVERNORS LANDING,2018,1,"1,420"
,Amistad NRA,TRAFFIC COUNT AT GOVERNORS LANDING,2018,2,"1,516"
,Amistad NRA,TRAFFIC COUNT AT GOVERNORS LANDING,2018,3,"3,862"
,Amistad NRA,TRAFFIC COUNT AT GOVERNORS LANDING,2018,4,"2,747"
,Amistad NRA,TRAFFIC COUNT AT GOVERNORS LANDING,2018,5,"3,465"
,Amistad NRA,TRAFFIC COUNT AT GOVERNORS LANDING,2018,6,"3,854"
,Amistad NRA,TRAFFIC COUNT AT GOVERNORS LANDING,2018,7,"3,787"
,Amistad NRA,TRAFFIC COUNT AT GOVERNORS LANDING,2018,8,"2,039"
,Amistad NRA,TRAFFIC COUNT AT GOVERNORS LANDING,2018,9,"1,592"
,Amistad NRA,TRAFFIC COUNT AT GOVERNORS LANDING,2018,10,"1,416"
,Amistad NRA,TRAFFIC COUNT AT GOVERNORS LANDING,2018,11,"1,528"
,Amistad NRA,TRAFFIC COUNT AT GOVERNORS LANDING,2018,12,"1,679"
,Amistad NRA,TRAFFIC COUNT AT GOVERNORS LANDING,2019,1,"1,679"
,Amistad NRA,TRAFFIC COUNT AT GOVERNORS LANDING,2019,2,"2,110"
,Amistad NRA,TRAFFIC COUNT AT GOVERNORS LANDING,2019,3,"2,442"
,Amistad NRA,TRAFFIC COUNT AT GOVERNORS LANDING,2019,4,"3,078"
,Amistad NRA,TRAFFIC COUNT AT GOVERNORS LANDING,2019,5,"3,078"
,Amistad NRA,TRAFFIC COUNT AT GOVERNORS LANDING,2019,6,"4,089"
,Amistad NRA,TRAFFIC COUNT AT GOVERNORS LANDING,2019,7,"5,169"
,Amistad NRA,TRAFFIC COUNT AT GOVERNORS LANDING,2019,8,"5,169"
,Amistad NRA,TRAFFIC COUNT AT GOVERNORS LANDING,2019,9,"2,785"
,Amistad NRA,TRAFFIC COUNT AT GOVERNORS LANDING,2019,10,"7,350"
,Amistad NRA,TRAFFIC COUNT AT GOVERNORS LANDING,2019,11,"6,430"
,Amistad NRA,TRAFFIC COUNT AT GOVERNORS LANDING,2019,12,"5,956"
,Amistad NRA,TRAFFIC COUNT AT OLD 277 NORTH,2018,1,550
,Amistad NRA,TRAFFIC COUNT AT OLD 277 NORTH,2018,2,566
,Amistad NRA,TRAFFIC COUNT AT OLD 277 NORTH,2018,3,"1,727"
,Amistad NRA,TRAFFIC COUNT AT OLD 277 NORTH,2018,4,812
,Amistad NRA,TRAFFIC COUNT AT OLD 277 NORTH,2018,5,782
,Amistad NRA,TRAFFIC COUNT AT OLD 277 NORTH,2018,6,864
,Amistad NRA,TRAFFIC COUNT AT OLD 277 NORTH,2018,7,996
,Amistad NRA,TRAFFIC COUNT AT OLD 277 NORTH,2018,8,725
,Amistad NRA,TRAFFIC COUNT AT OLD 277 NORTH,2018,9,644
,Amistad NRA,TRAFFIC COUNT AT OLD 277 NORTH,2018,10,681
,Amistad NRA,TRAFFIC COUNT AT OLD 277 NORTH,2018,11,508
,Amistad NRA,TRAFFIC COUNT AT OLD 277 NORTH,2018,12,599
,Amistad NRA,TRAFFIC COUNT AT OLD 277 NORTH,2019,1,599
,Amistad NRA,TRAFFIC COUNT AT OLD 277 NORTH,2019,2,788
,Amistad NRA,TRAFFIC COUNT AT OLD 277 NORTH,2019,3,"1,034"
,Amistad NRA,TRAFFIC COUNT AT OLD 277 NORTH,2019,4,"1,255"
,Amistad NRA,TRAFFIC COUNT AT OLD 277 NORTH,2019,5,"1,576"
,Amistad NRA,TRAFFIC COUNT AT OLD 277 NORTH,2019,6,822
,Amistad NRA,TRAFFIC COUNT AT OLD 277 NORTH,2019,7,994
,Amistad NRA,TRAFFIC COUNT AT OLD 277 NORTH,2019,8,772
,Amistad NRA,TRAFFIC COUNT AT OLD 277 NORTH,2019,9,791
,Amistad NRA,TRAFFIC COUNT AT OLD 277 NORTH,2019,10,807
,Amistad NRA,TRAFFIC COUNT AT OLD 277 NORTH,2019,11,761
,Amistad NRA,TRAFFIC COUNT AT OLD 277 NORTH,2019,12,803
,Amistad NRA,TRAFFIC COUNT AT PECOS RIVER,2018,1,595
,Amistad NRA,TRAFFIC COUNT AT PECOS RIVER,2018,2,695
,Amistad NRA,TRAFFIC COUNT AT PECOS RIVER,2018,3,"1,203"
,Amistad NRA,TRAFFIC COUNT AT PECOS RIVER,2018,4,790
,Amistad NRA,TRAFFIC COUNT AT PECOS RIVER,2018,5,781
,Amistad NRA,TRAFFIC COUNT AT PECOS RIVER,2018,6,661
,Amistad NRA,TRAFFIC COUNT AT PECOS RIVER,2018,7,626
,Amistad NRA,TRAFFIC COUNT AT PECOS RIVER,2018,8,418
,Amistad NRA,TRAFFIC COUNT AT PECOS RIVER,2018,9,550
,Amistad NRA,TRAFFIC COUNT AT PECOS RIVER,2018,10,533
,Amistad NRA,TRAFFIC COUNT AT PECOS RIVER,2018,11,540
,Amistad NRA,TRAFFIC COUNT AT PECOS RIVER,2018,12,500
,Amistad NRA,TRAFFIC COUNT AT PECOS RIVER,2019,1,500
,Amistad NRA,TRAFFIC COUNT AT PECOS RIVER,2019,2,592
,Amistad NRA,TRAFFIC COUNT AT PECOS RIVER,2019,3,266
,Amistad NRA,TRAFFIC COUNT AT PECOS RIVER,2019,4,726
,Amistad NRA,TRAFFIC COUNT AT PECOS RIVER,2019,5,778
,Amistad NRA,TRAFFIC COUNT AT PECOS RIVER,2019,6,487
,Amistad NRA,TRAFFIC COUNT AT PECOS RIVER,2019,7,713
,Amistad NRA,TRAFFIC COUNT AT PECOS RIVER,2019,8,271
,Amistad NRA,TRAFFIC COUNT AT PECOS RIVER,2019,9,537
,Amistad NRA,TRAFFIC COUNT AT PECOS RIVER,2019,10,"1,002"
,Amistad NRA,TRAFFIC COUNT AT PECOS RIVER,2019,11,348
,Amistad NRA,TRAFFIC COUNT AT PECOS RIVER,2019,12,499
,Amistad NRA,TRAFFIC COUNT AT ROUGH CANYON ROAD,2018,1,"4,446"
,Amistad NRA,TRAFFIC COUNT AT ROUGH CANYON ROAD,2018,2,"3,540"
,Amistad NRA,TRAFFIC COUNT AT ROUGH CANYON ROAD,2018,3,"1,617"
,Amistad NRA,TRAFFIC COUNT AT ROUGH CANYON ROAD,2018,4,"7,258"
,Amistad NRA,TRAFFIC COUNT AT ROUGH CANYON ROAD,2018,5,"7,627"
,Amistad NRA,TRAFFIC COUNT AT ROUGH CANYON ROAD,2018,6,"5,054"
,Amistad NRA,TRAFFIC COUNT AT ROUGH CANYON ROAD,2018,7,"6,022"
,Amistad NRA,TRAFFIC COUNT AT ROUGH CANYON ROAD,2018,8,"4,138"
,Amistad NRA,TRAFFIC COUNT AT ROUGH CANYON ROAD,2018,9,"1,996"
,Amistad NRA,TRAFFIC COUNT AT ROUGH CANYON ROAD,2018,10,"2,509"
,Amistad NRA,TRAFFIC COUNT AT ROUGH CANYON ROAD,2018,11,"2,191"
,Amistad NRA,TRAFFIC COUNT AT ROUGH CANYON ROAD,2018,12,"1,842"
,Amistad NRA,TRAFFIC COUNT AT ROUGH CANYON ROAD,2019,1,"1,842"
,Amistad NRA,TRAFFIC COUNT AT ROUGH CANYON ROAD,2019,2,"2,864"
,Amistad NRA,TRAFFIC COUNT AT ROUGH CANYON ROAD,2019,3,"1,258"
,Amistad NRA,TRAFFIC COUNT AT ROUGH CANYON ROAD,2019,4,"7,415"
,Amistad NRA,TRAFFIC COUNT AT ROUGH CANYON ROAD,2019,5,"5,634"
,Amistad NRA,TRAFFIC COUNT AT ROUGH CANYON ROAD,2019,6,"4,309"
,Amistad NRA,TRAFFIC COUNT AT ROUGH CANYON ROAD,2019,7,"5,643"
,Amistad NRA,TRAFFIC COUNT AT ROUGH CANYON ROAD,2019,8,"5,643"
,Amistad NRA,TRAFFIC COUNT AT ROUGH CANYON ROAD,2019,9,"4,465"
,Amistad NRA,TRAFFIC COUNT AT ROUGH CANYON ROAD,2019,10,"4,465"
,Amistad NRA,TRAFFIC COUNT AT ROUGH CANYON ROAD,2019,11,"1,389"
,Amistad NRA,TRAFFIC COUNT AT ROUGH CANYON ROAD,2019,12,"3,833"
,Amistad NRA,TRAFFIC COUNT AT SAN PEDRO,2018,1,0
,Amistad NRA,TRAFFIC COUNT AT SAN PEDRO,2018,2,"1,850"
,Amistad NRA,TRAFFIC COUNT AT SAN PEDRO,2018,3,82
,Amistad NRA,TRAFFIC COUNT AT SAN PEDRO,2018,4,16
,Amistad NRA,TRAFFIC COUNT AT SAN PEDRO,2018,5,50
,Amistad NRA,TRAFFIC COUNT AT SAN PEDRO,2018,6,0
,Amistad NRA,TRAFFIC COUNT AT SAN PEDRO,2018,7,402
,Amistad NRA,TRAFFIC COUNT AT SAN PEDRO,2018,8,401
,Amistad NRA,TRAFFIC COUNT AT SAN PEDRO,2018,9,368
,Amistad NRA,TRAFFIC COUNT AT SAN PEDRO,2018,10,400
,Amistad NRA,TRAFFIC COUNT AT SAN PEDRO,2018,11,"1,174"
,Amistad NRA,TRAFFIC COUNT AT SAN PEDRO,2018,12,352
,Amistad NRA,TRAFFIC COUNT AT SAN PEDRO,2019,1,352
,Amistad NRA,TRAFFIC COUNT AT SAN PEDRO,2019,2,318
,Amistad NRA,TRAFFIC COUNT AT SAN PEDRO,2019,3,318
,Amistad NRA,TRAFFIC COUNT AT SAN PEDRO,2019,4,464
,Amistad NRA,TRAFFIC COUNT AT SAN PEDRO,2019,5,464
,Amistad NRA,TRAFFIC COUNT AT SAN PEDRO,2019,6,323
,Amistad NRA,TRAFFIC COUNT AT SAN PEDRO,2019,7,332
,Amistad NRA,TRAFFIC COUNT AT SAN PEDRO,2019,8,332
,Amistad NRA,TRAFFIC COUNT AT SAN PEDRO,2019,9,332
,Amistad NRA,TRAFFIC COUNT AT SAN PEDRO,2019,10,332
,Amistad NRA,TRAFFIC COUNT AT SAN PEDRO,2019,11,317
,Amistad NRA,TRAFFIC COUNT AT SAN PEDRO,2019,12,514
,Amistad NRA,TRAFFIC COUNT AT SPUR 406,2018,1,359
,Amistad NRA,TRAFFIC COUNT AT SPUR 406,2018,2,609
,Amistad NRA,TRAFFIC COUNT AT SPUR 406,2018,3,"1,201"
,Amistad NRA,TRAFFIC COUNT AT SPUR 406,2018,4,942
,Amistad NRA,TRAFFIC COUNT AT SPUR 406,2018,5,"1,378"
,Amistad NRA,TRAFFIC COUNT AT SPUR 406,2018,6,218
,Amistad NRA,TRAFFIC COUNT AT SPUR 406,2018,7,198
,Amistad NRA,TRAFFIC COUNT AT SPUR 406,2018,8,197
,Amistad NRA,TRAFFIC COUNT AT SPUR 406,2018,9,618
,Amistad NRA,TRAFFIC COUNT AT SPUR 406,2018,10,695
,Amistad NRA,TRAFFIC COUNT AT SPUR 406,2018,11,299
,Amistad NRA,TRAFFIC COUNT AT SPUR 406,2018,12,300
,Amistad NRA,TRAFFIC COUNT AT SPUR 406,2019,1,300
,Amistad NRA,TRAFFIC COUNT AT SPUR 406,2019,2,258
,Amistad NRA,TRAFFIC COUNT AT SPUR 406,2019,3,258
,Amistad NRA,TRAFFIC COUNT AT SPUR 406,2019,4,810
,Amistad NRA,TRAFFIC COUNT AT SPUR 406,2019,5,478
,Amistad NRA,TRAFFIC COUNT AT SPUR 406,2019,6,478
,Amistad NRA,TRAFFIC COUNT AT SPUR 406,2019,7,959
,Amistad NRA,TRAFFIC COUNT AT SPUR 406,2019,8,959
,Amistad NRA,TRAFFIC COUNT AT SPUR 406,2019,9,517
,Amistad NRA,TRAFFIC COUNT AT SPUR 406,2019,10,517
,Amistad NRA,TRAFFIC COUNT AT SPUR 406,2019,11,517
,Amistad NRA,TRAFFIC COUNT AT SPUR 406,2019,12,517
,Amistad NRA,TRAFFIC COUNT AT SPUR 454,2018,1,0
,Amistad NRA,TRAFFIC COUNT AT SPUR 454,2018,2,0
,Amistad NRA,TRAFFIC COUNT AT SPUR 454,2018,3,"1,128"
,Amistad NRA,TRAFFIC COUNT AT SPUR 454,2018,4,"1,115"
,Amistad NRA,TRAFFIC COUNT AT SPUR 454,2018,5,"1,130"
,Amistad NRA,TRAFFIC COUNT AT SPUR 454,2018,6,"1,054"
,Amistad NRA,TRAFFIC COUNT AT SPUR 454,2018,7,"3,995"
,Amistad NRA,TRAFFIC COUNT AT SPUR 454,2018,8,"6,477"
,Amistad NRA,TRAFFIC COUNT AT SPUR 454,2018,9,"2,033"
,Amistad NRA,TRAFFIC COUNT AT SPUR 454,2018,10,"1,350"
,Amistad NRA,TRAFFIC COUNT AT SPUR 454,2018,11,856
,Amistad NRA,TRAFFIC COUNT AT SPUR 454,2018,12,954
,Amistad NRA,TRAFFIC COUNT AT SPUR 454,2019,1,954
,Amistad NRA,TRAFFIC COUNT AT SPUR 454,2019,2,"1,104"
,Amistad NRA,TRAFFIC COUNT AT SPUR 454,2019,3,"1,237"
,Amistad NRA,TRAFFIC COUNT AT SPUR 454,2019,4,"1,565"
,Amistad NRA,TRAFFIC COUNT AT SPUR 454,2019,5,"1,543"
,Amistad NRA,TRAFFIC COUNT AT SPUR 454,2019,6,"1,513"
,Amistad NRA,TRAFFIC COUNT AT SPUR 454,2019,7,"1,976"
,Amistad NRA,TRAFFIC COUNT AT SPUR 454,2019,8,772
,Amistad NRA,TRAFFIC COUNT AT SPUR 454,2019,9,"1,794"
,Amistad NRA,TRAFFIC COUNT AT SPUR 454,2019,10,"1,753"
,Amistad NRA,TRAFFIC COUNT AT SPUR 454,2019,11,916
,Amistad NRA,TRAFFIC COUNT AT SPUR 454,2019,12,"1,205"
,Amistad NRA,TRAFFIC COUNT AT U.S.A.F. MARINA,2018,1,"1,254"
,Amistad NRA,TRAFFIC COUNT AT U.S.A.F. MARINA,2018,2,"1,234"
,Amistad NRA,TRAFFIC COUNT AT U.S.A.F. MARINA,2018,3,"2,738"
,Amistad NRA,TRAFFIC COUNT AT U.S.A.F. MARINA,2018,4,"2,653"
,Amistad NRA,TRAFFIC COUNT AT U.S.A.F. MARINA,2018,5,"2,659"
,Amistad NRA,TRAFFIC COUNT AT U.S.A.F. MARINA,2018,6,"2,949"
,Amistad NRA,TRAFFIC COUNT AT U.S.A.F. MARINA,2018,7,"2,902"
,Amistad NRA,TRAFFIC COUNT AT U.S.A.F. MARINA,2018,8,"2,296"
,Amistad NRA,TRAFFIC COUNT AT U.S.A.F. MARINA,2018,9,"2,176"
,Amistad NRA,TRAFFIC COUNT AT U.S.A.F. MARINA,2018,10,"1,449"
,Amistad NRA,TRAFFIC COUNT AT U.S.A.F. MARINA,2018,11,"1,448"
,Amistad NRA,TRAFFIC COUNT AT U.S.A.F. MARINA,2018,12,"1,565"
,Amistad NRA,TRAFFIC COUNT AT U.S.A.F. MARINA,2019,1,"1,565"
,Amistad NRA,TRAFFIC COUNT AT U.S.A.F. MARINA,2019,2,"1,756"
,Amistad NRA,TRAFFIC COUNT AT U.S.A.F. MARINA,2019,3,"2,130"
,Amistad NRA,TRAFFIC COUNT AT U.S.A.F. MARINA,2019,4,"2,443"
,Amistad NRA,TRAFFIC COUNT AT U.S.A.F. MARINA,2019,5,"4,084"
,Amistad NRA,TRAFFIC COUNT AT U.S.A.F. MARINA,2019,6,"2,504"
,Amistad NRA,TRAFFIC COUNT AT U.S.A.F. MARINA,2019,7,"2,628"
,Amistad NRA,TRAFFIC COUNT AT U.S.A.F. MARINA,2019,8,"2,837"
,Amistad NRA,TRAFFIC COUNT AT U.S.A.F. MARINA,2019,9,"2,142"
,Amistad NRA,TRAFFIC COUNT AT U.S.A.F. MARINA,2019,10,"1,710"
,Amistad NRA,TRAFFIC COUNT AT U.S.A.F. MARINA,2019,11,918
,Amistad NRA,TRAFFIC COUNT AT U.S.A.F. MARINA,2019,12,"1,524"
,Andersonville NHS,TRAFFIC COUNT AT MAIN ENTRANCE,2018,1,"1,136"
,Andersonville NHS,TRAFFIC COUNT AT MAIN ENTRANCE,2018,2,"4,128"
,Andersonville NHS,TRAFFIC COUNT AT MAIN ENTRANCE,2018,3,"3,418"
,Andersonville NHS,TRAFFIC COUNT AT MAIN ENTRANCE,2018,4,"3,488"
,Andersonville NHS,TRAFFIC COUNT AT MAIN ENTRANCE,2018,5,"3,850"
,Andersonville NHS,TRAFFIC COUNT AT MAIN ENTRANCE,2018,6,"2,630"
,Andersonville NHS,TRAFFIC COUNT AT MAIN ENTRANCE,2018,7,"2,799"
,Andersonville NHS,TRAFFIC COUNT AT MAIN ENTRANCE,2018,8,"5,807"
,Andersonville NHS,TRAFFIC COUNT AT MAIN ENTRANCE,2018,9,"3,623"
,Andersonville NHS,TRAFFIC COUNT AT MAIN ENTRANCE,2018,10,"3,307"
,Andersonville NHS,TRAFFIC COUNT AT MAIN ENTRANCE,2018,11,"3,476"
,Andersonville NHS,TRAFFIC COUNT AT MAIN ENTRANCE,2018,12,"2,115"
,Andersonville NHS,TRAFFIC COUNT AT MAIN ENTRANCE,2019,1,526
,Andersonville NHS,TRAFFIC COUNT AT MAIN ENTRANCE,2019,2,"2,007"
,Andersonville NHS,TRAFFIC COUNT AT MAIN ENTRANCE,2019,3,"3,348"
,Andersonville NHS,TRAFFIC COUNT AT MAIN ENTRANCE,2019,4,"3,211"
,Andersonville NHS,TRAFFIC COUNT AT MAIN ENTRANCE,2019,5,"3,574"
,Andersonville NHS,TRAFFIC COUNT AT MAIN ENTRANCE,2019,6,"2,136"
,Andersonville NHS,TRAFFIC COUNT AT MAIN ENTRANCE,2019,7,"2,784"
,Andersonville NHS,TRAFFIC COUNT AT MAIN ENTRANCE,2019,8,"1,751"
,Andersonville NHS,TRAFFIC COUNT AT MAIN ENTRANCE,2019,9,"2,022"
,Andersonville NHS,TRAFFIC COUNT AT MAIN ENTRANCE,2019,10,"3,006"
,Andersonville NHS,TRAFFIC COUNT AT MAIN ENTRANCE,2019,11,"2,871"
,Andersonville NHS,TRAFFIC COUNT AT MAIN ENTRANCE,2019,12,"2,734"
,Andrew Johnson NHS,TRAFFIC COUNT AT CEMETERY ROAD,2018,1,309
,Andrew Johnson NHS,TRAFFIC COUNT AT CEMETERY ROAD,2018,2,340
,Andrew Johnson NHS,TRAFFIC COUNT AT CEMETERY ROAD,2018,3,324
,Andrew Johnson NHS,TRAFFIC COUNT AT CEMETERY ROAD,2018,4,344
,Andrew Johnson NHS,TRAFFIC COUNT AT CEMETERY ROAD,2018,5,919
,Andrew Johnson NHS,TRAFFIC COUNT AT CEMETERY ROAD,2018,6,616
,Andrew Johnson NHS,TRAFFIC COUNT AT CEMETERY ROAD,2018,7,415
,Andrew Johnson NHS,TRAFFIC COUNT AT CEMETERY ROAD,2018,8,325
,Andrew Johnson NHS,TRAFFIC COUNT AT CEMETERY ROAD,2018,9,354
,Andrew Johnson NHS,TRAFFIC COUNT AT CEMETERY ROAD,2018,10,400
,Andrew Johnson NHS,TRAFFIC COUNT AT CEMETERY ROAD,2018,11,365
,Andrew Johnson NHS,TRAFFIC COUNT AT CEMETERY ROAD,2018,12,282
,Andrew Johnson NHS,TRAFFIC COUNT AT CEMETERY ROAD,2019,1,282
,Andrew Johnson NHS,TRAFFIC COUNT AT CEMETERY ROAD,2019,2,243
,Andrew Johnson NHS,TRAFFIC COUNT AT CEMETERY ROAD,2019,3,241
,Andrew Johnson NHS,TRAFFIC COUNT AT CEMETERY ROAD,2019,4,321
,Andrew Johnson NHS,TRAFFIC COUNT AT CEMETERY ROAD,2019,5,746
,Andrew Johnson NHS,TRAFFIC COUNT AT CEMETERY ROAD,2019,6,433
,Andrew Johnson NHS,TRAFFIC COUNT AT CEMETERY ROAD,2019,7,339
,Andrew Johnson NHS,TRAFFIC COUNT AT CEMETERY ROAD,2019,8,234
,Andrew Johnson NHS,TRAFFIC COUNT AT CEMETERY ROAD,2019,9,179
,Andrew Johnson NHS,TRAFFIC COUNT AT CEMETERY ROAD,2019,10,188
,Andrew Johnson NHS,TRAFFIC COUNT AT CEMETERY ROAD,2019,11,124
,Andrew Johnson NHS,TRAFFIC COUNT AT CEMETERY ROAD,2019,12,318
,Andrew Johnson NHS,TRAFFIC COUNT AT JOHNSON'S GRAVE/MONUMENT ROAD,2018,1,494
,Andrew Johnson NHS,TRAFFIC COUNT AT JOHNSON'S GRAVE/MONUMENT ROAD,2018,2,731
,Andrew Johnson NHS,TRAFFIC COUNT AT JOHNSON'S GRAVE/MONUMENT ROAD,2018,3,909
,Andrew Johnson NHS,TRAFFIC COUNT AT JOHNSON'S GRAVE/MONUMENT ROAD,2018,4,880
,Andrew Johnson NHS,TRAFFIC COUNT AT JOHNSON'S GRAVE/MONUMENT ROAD,2018,5,"1,409"
,Andrew Johnson NHS,TRAFFIC COUNT AT JOHNSON'S GRAVE/MONUMENT ROAD,2018,6,"1,244"
,Andrew Johnson NHS,TRAFFIC COUNT AT JOHNSON'S GRAVE/MONUMENT ROAD,2018,7,"1,427"
,Andrew Johnson NHS,TRAFFIC COUNT AT JOHNSON'S GRAVE/MONUMENT ROAD,2018,8,"1,148"
,Andrew Johnson NHS,TRAFFIC COUNT AT JOHNSON'S GRAVE/MONUMENT ROAD,2018,9,"1,220"
,Andrew Johnson NHS,TRAFFIC COUNT AT JOHNSON'S GRAVE/MONUMENT ROAD,2018,10,"1,259"
,Andrew Johnson NHS,TRAFFIC COUNT AT JOHNSON'S GRAVE/MONUMENT ROAD,2018,11,863
,Andrew Johnson NHS,TRAFFIC COUNT AT JOHNSON'S GRAVE/MONUMENT ROAD,2018,12,727
,Andrew Johnson NHS,TRAFFIC COUNT AT JOHNSON'S GRAVE/MONUMENT ROAD,2019,1,727
,Andrew Johnson NHS,TRAFFIC COUNT AT JOHNSON'S GRAVE/MONUMENT ROAD,2019,2,"1,038"
,Andrew Johnson NHS,TRAFFIC COUNT AT JOHNSON'S GRAVE/MONUMENT ROAD,2019,3,"1,014"
,Andrew Johnson NHS,TRAFFIC COUNT AT JOHNSON'S GRAVE/MONUMENT ROAD,2019,4,"1,106"
,Andrew Johnson NHS,TRAFFIC COUNT AT JOHNSON'S GRAVE/MONUMENT ROAD,2019,5,"1,371"
,Andrew Johnson NHS,TRAFFIC COUNT AT JOHNSON'S GRAVE/MONUMENT ROAD,2019,6,"1,473"
,Andrew Johnson NHS,TRAFFIC COUNT AT JOHNSON'S GRAVE/MONUMENT ROAD,2019,7,"1,546"
,Andrew Johnson NHS,TRAFFIC COUNT AT JOHNSON'S GRAVE/MONUMENT ROAD,2019,8,"1,259"
,Andrew Johnson NHS,TRAFFIC COUNT AT JOHNSON'S GRAVE/MONUMENT ROAD,2019,9,"1,052"
,Andrew Johnson NHS,TRAFFIC COUNT AT JOHNSON'S GRAVE/MONUMENT ROAD,2019,10,"1,240"
,Andrew Johnson NHS,TRAFFIC COUNT AT JOHNSON'S GRAVE/MONUMENT ROAD,2019,11,970
,Andrew Johnson NHS,TRAFFIC COUNT AT JOHNSON'S GRAVE/MONUMENT ROAD,2019,12,"1,129"
,Apostle Islands NL,TRAFFIC COUNT AT LITTLE SAND BAY,2018,1,496
,Apostle Islands NL,TRAFFIC COUNT AT LITTLE SAND BAY,2018,2,584
,Apostle Islands NL,TRAFFIC COUNT AT LITTLE SAND BAY,2018,3,724
,Apostle Islands NL,TRAFFIC COUNT AT LITTLE SAND BAY,2018,4,944
,Apostle Islands NL,TRAFFIC COUNT AT LITTLE SAND BAY,2018,5,"2,877"
,Apostle Islands NL,TRAFFIC COUNT AT LITTLE SAND BAY,2018,6,"4,161"
,Apostle Islands NL,TRAFFIC COUNT AT LITTLE SAND BAY,2018,7,"7,149"
,Apostle Islands NL,TRAFFIC COUNT AT LITTLE SAND BAY,2018,8,"6,944"
,Apostle Islands NL,TRAFFIC COUNT AT LITTLE SAND BAY,2018,9,"3,848"
,Apostle Islands NL,TRAFFIC COUNT AT LITTLE SAND BAY,2018,10,"2,008"
,Apostle Islands NL,TRAFFIC COUNT AT LITTLE SAND BAY,2018,11,716
,Apostle Islands NL,TRAFFIC COUNT AT LITTLE SAND BAY,2018,12,"1,275"
,Apostle Islands NL,TRAFFIC COUNT AT LITTLE SAND BAY,2019,1,0
,Apostle Islands NL,TRAFFIC COUNT AT LITTLE SAND BAY,2019,2,635
,Apostle Islands NL,TRAFFIC COUNT AT LITTLE SAND BAY,2019,3,757
,Apostle Islands NL,TRAFFIC COUNT AT LITTLE SAND BAY,2019,4,"1,014"
,Apostle Islands NL,TRAFFIC COUNT AT LITTLE SAND BAY,2019,5,"2,622"
,Apostle Islands NL,TRAFFIC COUNT AT LITTLE SAND BAY,2019,6,"4,198"
,Apostle Islands NL,TRAFFIC COUNT AT LITTLE SAND BAY,2019,7,"6,699"
,Apostle Islands NL,TRAFFIC COUNT AT LITTLE SAND BAY,2019,8,"6,558"
,Apostle Islands NL,TRAFFIC COUNT AT LITTLE SAND BAY,2019,9,"3,718"
,Apostle Islands NL,TRAFFIC COUNT AT LITTLE SAND BAY,2019,10,"1,795"
,Apostle Islands NL,TRAFFIC COUNT AT LITTLE SAND BAY,2019,11,515
,Apostle Islands NL,TRAFFIC COUNT AT LITTLE SAND BAY,2019,12,412
,Apostle Islands NL,TRAFFIC COUNT AT MEYERS ROAD,2018,1,743
,Apostle Islands NL,TRAFFIC COUNT AT MEYERS ROAD,2018,2,"1,000"
,Apostle Islands NL,TRAFFIC COUNT AT MEYERS ROAD,2018,3,431
,Apostle Islands NL,TRAFFIC COUNT AT MEYERS ROAD,2018,4,533
,Apostle Islands NL,TRAFFIC COUNT AT MEYERS ROAD,2018,5,"1,502"
,Apostle Islands NL,TRAFFIC COUNT AT MEYERS ROAD,2018,6,"2,812"
,Apostle Islands NL,TRAFFIC COUNT AT MEYERS ROAD,2018,7,"4,609"
,Apostle Islands NL,TRAFFIC COUNT AT MEYERS ROAD,2018,8,"4,797"
,Apostle Islands NL,TRAFFIC COUNT AT MEYERS ROAD,2018,9,"3,246"
,Apostle Islands NL,TRAFFIC COUNT AT MEYERS ROAD,2018,10,"1,805"
,Apostle Islands NL,TRAFFIC COUNT AT MEYERS ROAD,2018,11,336
,Apostle Islands NL,TRAFFIC COUNT AT MEYERS ROAD,2018,12,300
,Apostle Islands NL,TRAFFIC COUNT AT MEYERS ROAD,2019,1,0
,Apostle Islands NL,TRAFFIC COUNT AT MEYERS ROAD,2019,2,798
,Apostle Islands NL,TRAFFIC COUNT AT MEYERS ROAD,2019,3,756
,Apostle Islands NL,TRAFFIC COUNT AT MEYERS ROAD,2019,4,511
,Apostle Islands NL,TRAFFIC COUNT AT MEYERS ROAD,2019,5,"1,260"
,Apostle Islands NL,TRAFFIC COUNT AT MEYERS ROAD,2019,6,"2,946"
,Apostle Islands NL,TRAFFIC COUNT AT MEYERS ROAD,2019,7,"4,614"
,Apostle Islands NL,TRAFFIC COUNT AT MEYERS ROAD,2019,8,"4,526"
,Apostle Islands NL,TRAFFIC COUNT AT MEYERS ROAD,2019,9,"2,849"
,Apostle Islands NL,TRAFFIC COUNT AT MEYERS ROAD,2019,10,"1,813"
,Apostle Islands NL,TRAFFIC COUNT AT MEYERS ROAD,2019,11,348
,Apostle Islands NL,TRAFFIC COUNT AT MEYERS ROAD,2019,12,248
,Appomattox Court House NHP,TRAFFIC COUNT AT VILLAGE ENTRANCE,2018,1,758
,Appomattox Court House NHP,TRAFFIC COUNT AT VILLAGE ENTRANCE,2018,2,"1,177"
,Appomattox Court House NHP,TRAFFIC COUNT AT VILLAGE ENTRANCE,2018,3,"2,552"
,Appomattox Court House NHP,TRAFFIC COUNT AT VILLAGE ENTRANCE,2018,4,"4,105"
,Appomattox Court House NHP,TRAFFIC COUNT AT VILLAGE ENTRANCE,2018,5,"4,608"
,Appomattox Court House NHP,TRAFFIC COUNT AT VILLAGE ENTRANCE,2018,6,"6,519"
,Appomattox Court House NHP,TRAFFIC COUNT AT VILLAGE ENTRANCE,2018,7,"4,846"
,Appomattox Court House NHP,TRAFFIC COUNT AT VILLAGE ENTRANCE,2018,8,"3,657"
,Appomattox Court House NHP,TRAFFIC COUNT AT VILLAGE ENTRANCE,2018,9,"2,906"
,Appomattox Court House NHP,TRAFFIC COUNT AT VILLAGE ENTRANCE,2018,10,"3,686"
,Appomattox Court House NHP,TRAFFIC COUNT AT VILLAGE ENTRANCE,2018,11,"1,988"
,Appomattox Court House NHP,TRAFFIC COUNT AT VILLAGE ENTRANCE,2018,12,352
,Appomattox Court House NHP,TRAFFIC COUNT AT VILLAGE ENTRANCE,2019,1,92
,Appomattox Court House NHP,TRAFFIC COUNT AT VILLAGE ENTRANCE,2019,2,"1,053"
,Appomattox Court House NHP,TRAFFIC COUNT AT VILLAGE ENTRANCE,2019,3,"2,422"
,Appomattox Court House NHP,TRAFFIC COUNT AT VILLAGE ENTRANCE,2019,4,"4,820"
,Appomattox Court House NHP,TRAFFIC COUNT AT VILLAGE ENTRANCE,2019,5,"4,562"
,Appomattox Court House NHP,TRAFFIC COUNT AT VILLAGE ENTRANCE,2019,6,"4,744"
,Appomattox Court House NHP,TRAFFIC COUNT AT VILLAGE ENTRANCE,2019,7,"4,928"
,Appomattox Court House NHP,TRAFFIC COUNT AT VILLAGE ENTRANCE,2019,8,"3,584"
,Appomattox Court House NHP,TRAFFIC COUNT AT VILLAGE ENTRANCE,2019,9,"3,614"
,Appomattox Court House NHP,TRAFFIC COUNT AT VILLAGE ENTRANCE,2019,10,"3,757"
,Appomattox Court House NHP,TRAFFIC COUNT AT VILLAGE ENTRANCE,2019,11,"2,038"
,Appomattox Court House NHP,TRAFFIC COUNT AT VILLAGE ENTRANCE,2019,12,"1,415"
,Arches NP,Total Vehicles entering Park,2018,1,"13,218"
,Arches NP,Total Vehicles entering Park,2018,2,"16,662"
,Arches NP,Total Vehicles entering Park,2018,3,"49,688"
,Arches NP,Total Vehicles entering Park,2018,4,"61,540"
,Arches NP,Total Vehicles entering Park,2018,5,"76,917"
,Arches NP,Total Vehicles entering Park,2018,6,"75,982"
,Arches NP,Total Vehicles entering Park,2018,7,"74,023"
,Arches NP,Total Vehicles entering Park,2018,8,"65,659"
,Arches NP,Total Vehicles entering Park,2018,9,"72,394"
,Arches NP,Total Vehicles entering Park,2018,10,"59,750"
,Arches NP,Total Vehicles entering Park,2018,11,"30,678"
,Arches NP,Total Vehicles entering Park,2018,12,"17,403"
,Arches NP,Total Vehicles entering Park,2019,1,"8,957"
,Arches NP,Total Vehicles entering Park,2019,2,"12,404"
,Arches NP,Total Vehicles entering Park,2019,3,"48,683"
,Arches NP,Total Vehicles entering Park,2019,4,"62,075"
,Arches NP,Total Vehicles entering Park,2019,5,"77,937"
,Arches NP,Total Vehicles entering Park,2019,6,"80,044"
,Arches NP,Total Vehicles entering Park,2019,7,"75,595"
,Arches NP,Total Vehicles entering Park,2019,8,"66,414"
,Arches NP,Total Vehicles entering Park,2019,9,"72,792"
,Arches NP,Total Vehicles entering Park,2019,10,"60,779"
,Arches NP,Total Vehicles entering Park,2019,11,"30,459"
,Arches NP,Total Vehicles entering Park,2019,12,"16,367"
,Arkansas Post NMEM,TRAFFIC COUNT AT ENTRANCE LANE,2018,1,881
,Arkansas Post NMEM,TRAFFIC COUNT AT ENTRANCE LANE,2018,2,747
,Arkansas Post NMEM,TRAFFIC COUNT AT ENTRANCE LANE,2018,3,"1,630"
,Arkansas Post NMEM,TRAFFIC COUNT AT ENTRANCE LANE,2018,4,"1,697"
,Arkansas Post NMEM,TRAFFIC COUNT AT ENTRANCE LANE,2018,5,"1,622"
,Arkansas Post NMEM,TRAFFIC COUNT AT ENTRANCE LANE,2018,6,"2,014"
,Arkansas Post NMEM,TRAFFIC COUNT AT ENTRANCE LANE,2018,7,"1,536"
,Arkansas Post NMEM,TRAFFIC COUNT AT ENTRANCE LANE,2018,8,"1,493"
,Arkansas Post NMEM,TRAFFIC COUNT AT ENTRANCE LANE,2018,9,978
,Arkansas Post NMEM,TRAFFIC COUNT AT ENTRANCE LANE,2018,10,909
,Arkansas Post NMEM,TRAFFIC COUNT AT ENTRANCE LANE,2018,11,909
,Arkansas Post NMEM,TRAFFIC COUNT AT ENTRANCE LANE,2018,12,920
,Arkansas Post NMEM,TRAFFIC COUNT AT ENTRANCE LANE,2019,1,460
,Arkansas Post NMEM,TRAFFIC COUNT AT ENTRANCE LANE,2019,2,912
,Arkansas Post NMEM,TRAFFIC COUNT AT ENTRANCE LANE,2019,3,"1,912"
,Arkansas Post NMEM,TRAFFIC COUNT AT ENTRANCE LANE,2019,4,"1,227"
,Arkansas Post NMEM,TRAFFIC COUNT AT ENTRANCE LANE,2019,5,"2,142"
,Arkansas Post NMEM,TRAFFIC COUNT AT ENTRANCE LANE,2019,6,"1,716"
,Arkansas Post NMEM,TRAFFIC COUNT AT ENTRANCE LANE,2019,7,"1,717"
,Arkansas Post NMEM,TRAFFIC COUNT AT ENTRANCE LANE,2019,8,"1,049"
,Arkansas Post NMEM,TRAFFIC COUNT AT ENTRANCE LANE,2019,9,999
,Arkansas Post NMEM,TRAFFIC COUNT AT ENTRANCE LANE,2019,10,"1,032"
,Arkansas Post NMEM,TRAFFIC COUNT AT ENTRANCE LANE,2019,11,863
,Arkansas Post NMEM,TRAFFIC COUNT AT ENTRANCE LANE,2019,12,784
,Assateague Island NS,TRAFFIC COUNT AT BAYBERRY DRIVE,2018,1,"6,718"
,Assateague Island NS,TRAFFIC COUNT AT BAYBERRY DRIVE,2018,2,"6,979"
,Assateague Island NS,TRAFFIC COUNT AT BAYBERRY DRIVE,2018,3,"10,912"
,Assateague Island NS,TRAFFIC COUNT AT BAYBERRY DRIVE,2018,4,"18,321"
,Assateague Island NS,TRAFFIC COUNT AT BAYBERRY DRIVE,2018,5,"27,889"
,Assateague Island NS,TRAFFIC COUNT AT BAYBERRY DRIVE,2018,6,"45,883"
,Assateague Island NS,TRAFFIC COUNT AT BAYBERRY DRIVE,2018,7,"67,212"
,Assateague Island NS,TRAFFIC COUNT AT BAYBERRY DRIVE,2018,8,"66,786"
,Assateague Island NS,TRAFFIC COUNT AT BAYBERRY DRIVE,2018,9,"31,261"
,Assateague Island NS,TRAFFIC COUNT AT BAYBERRY DRIVE,2018,10,"18,196"
,Assateague Island NS,TRAFFIC COUNT AT BAYBERRY DRIVE,2018,11,"10,054"
,Assateague Island NS,TRAFFIC COUNT AT BAYBERRY DRIVE,2018,12,"3,740"
,Assateague Island NS,TRAFFIC COUNT AT BAYBERRY DRIVE,2019,1,"15,341"
,Assateague Island NS,TRAFFIC COUNT AT BAYBERRY DRIVE,2019,2,"7,396"
,Assateague Island NS,TRAFFIC COUNT AT BAYBERRY DRIVE,2019,3,"12,201"
,Assateague Island NS,TRAFFIC COUNT AT BAYBERRY DRIVE,2019,4,"22,467"
,Assateague Island NS,TRAFFIC COUNT AT BAYBERRY DRIVE,2019,5,"34,693"
,Assateague Island NS,TRAFFIC COUNT AT BAYBERRY DRIVE,2019,6,"53,082"
,Assateague Island NS,TRAFFIC COUNT AT BAYBERRY DRIVE,2019,7,"79,120"
,Assateague Island NS,TRAFFIC COUNT AT BAYBERRY DRIVE,2019,8,"74,389"
,Assateague Island NS,TRAFFIC COUNT AT BAYBERRY DRIVE,2019,9,"49,184"
,Assateague Island NS,TRAFFIC COUNT AT BAYBERRY DRIVE,2019,10,"22,855"
,Assateague Island NS,TRAFFIC COUNT AT BAYBERRY DRIVE,2019,11,"11,052"
,Assateague Island NS,TRAFFIC COUNT AT BAYBERRY DRIVE,2019,12,"7,633"
,Assateague Island NS,TRAFFIC COUNT AT FWS ENTRANCE,2018,1,"7,399"
,Assateague Island NS,TRAFFIC COUNT AT FWS ENTRANCE,2018,2,"8,958"
,Assateague Island NS,TRAFFIC COUNT AT FWS ENTRANCE,2018,3,"11,592"
,Assateague Island NS,TRAFFIC COUNT AT FWS ENTRANCE,2018,4,"20,556"
,Assateague Island NS,TRAFFIC COUNT AT FWS ENTRANCE,2018,5,"33,837"
,Assateague Island NS,TRAFFIC COUNT AT FWS ENTRANCE,2018,6,"52,649"
,Assateague Island NS,TRAFFIC COUNT AT FWS ENTRANCE,2018,7,"89,338"
,Assateague Island NS,TRAFFIC COUNT AT FWS ENTRANCE,2018,8,"76,347"
,Assateague Island NS,TRAFFIC COUNT AT FWS ENTRANCE,2018,9,"43,099"
,Assateague Island NS,TRAFFIC COUNT AT FWS ENTRANCE,2018,10,"25,383"
,Assateague Island NS,TRAFFIC COUNT AT FWS ENTRANCE,2018,11,"14,375"
,Assateague Island NS,TRAFFIC COUNT AT FWS ENTRANCE,2018,12,"8,489"
,Assateague Island NS,TRAFFIC COUNT AT FWS ENTRANCE,2019,1,"7,479"
,Assateague Island NS,TRAFFIC COUNT AT FWS ENTRANCE,2019,2,"8,412"
,Assateague Island NS,TRAFFIC COUNT AT FWS ENTRANCE,2019,3,"13,415"
,Assateague Island NS,TRAFFIC COUNT AT FWS ENTRANCE,2019,4,"27,753"
,Assateague Island NS,TRAFFIC COUNT AT FWS ENTRANCE,2019,5,"33,022"
,Assateague Island NS,TRAFFIC COUNT AT FWS ENTRANCE,2019,6,"50,237"
,Assateague Island NS,TRAFFIC COUNT AT FWS ENTRANCE,2019,7,"85,061"
,Assateague Island NS,TRAFFIC COUNT AT FWS ENTRANCE,2019,8,"74,057"
,Assateague Island NS,TRAFFIC COUNT AT FWS ENTRANCE,2019,9,"41,806"
,Assateague Island NS,TRAFFIC COUNT AT FWS ENTRANCE,2019,10,"24,624"
,Assateague Island NS,TRAFFIC COUNT AT FWS ENTRANCE,2019,11,"15,323"
,Assateague Island NS,TRAFFIC COUNT AT FWS ENTRANCE,2019,12,"8,964"
,Badlands NP,TOTAL TRAFFIC COUNT AT INTERIOR ENTRANCE (2602),2018,1,"2,890"
,Badlands NP,TOTAL TRAFFIC COUNT AT INTERIOR ENTRANCE (2602),2018,2,"2,885"
,Badlands NP,TOTAL TRAFFIC COUNT AT INTERIOR ENTRANCE (2602),2018,3,"3,821"
,Badlands NP,TOTAL TRAFFIC COUNT AT INTERIOR ENTRANCE (2602),2018,4,"5,313"
,Badlands NP,TOTAL TRAFFIC COUNT AT INTERIOR ENTRANCE (2602),2018,5,"18,391"
,Badlands NP,TOTAL TRAFFIC COUNT AT INTERIOR ENTRANCE (2602),2018,6,"30,177"
,Badlands NP,TOTAL TRAFFIC COUNT AT INTERIOR ENTRANCE (2602),2018,7,"21,741"
,Badlands NP,TOTAL TRAFFIC COUNT AT INTERIOR ENTRANCE (2602),2018,8,"18,793"
,Badlands NP,TOTAL TRAFFIC COUNT AT INTERIOR ENTRANCE (2602),2018,9,"14,448"
,Badlands NP,TOTAL TRAFFIC COUNT AT INTERIOR ENTRANCE (2602),2018,10,"6,032"
,Badlands NP,TOTAL TRAFFIC COUNT AT INTERIOR ENTRANCE (2602),2018,11,"3,226"
,Badlands NP,TOTAL TRAFFIC COUNT AT INTERIOR ENTRANCE (2602),2018,12,"2,790"
,Badlands NP,TOTAL TRAFFIC COUNT AT INTERIOR ENTRANCE (2602),2019,1,"2,221"
,Badlands NP,TOTAL TRAFFIC COUNT AT INTERIOR ENTRANCE (2602),2019,2,"2,800"
,Badlands NP,TOTAL TRAFFIC COUNT AT INTERIOR ENTRANCE (2602),2019,3,"3,636"
,Badlands NP,TOTAL TRAFFIC COUNT AT INTERIOR ENTRANCE (2602),2019,4,"7,383"
,Badlands NP,TOTAL TRAFFIC COUNT AT INTERIOR ENTRANCE (2602),2019,5,"13,881"
,Badlands NP,TOTAL TRAFFIC COUNT AT INTERIOR ENTRANCE (2602),2019,6,"23,521"
,Badlands NP,TOTAL TRAFFIC COUNT AT INTERIOR ENTRANCE (2602),2019,7,"27,472"
,Badlands NP,TOTAL TRAFFIC COUNT AT INTERIOR ENTRANCE (2602),2019,8,"24,153"
,Badlands NP,TOTAL TRAFFIC COUNT AT INTERIOR ENTRANCE (2602),2019,9,"18,784"
,Badlands NP,TOTAL TRAFFIC COUNT AT INTERIOR ENTRANCE (2602),2019,10,"7,938"
,Badlands NP,TOTAL TRAFFIC COUNT AT INTERIOR ENTRANCE (2602),2019,11,"3,878"
,Badlands NP,TOTAL TRAFFIC COUNT AT INTERIOR ENTRANCE (2602),2019,12,"3,074"
,Badlands NP,TOTAL TRAFFIC COUNT AT NORTHEAST ENTRANCE (2601),2018,1,"2,573"
,Badlands NP,TOTAL TRAFFIC COUNT AT NORTHEAST ENTRANCE (2601),2018,2,"2,544"
,Badlands NP,TOTAL TRAFFIC COUNT AT NORTHEAST ENTRANCE (2601),2018,3,"3,546"
,Badlands NP,TOTAL TRAFFIC COUNT AT NORTHEAST ENTRANCE (2601),2018,4,"4,253"
,Badlands NP,TOTAL TRAFFIC COUNT AT NORTHEAST ENTRANCE (2601),2018,5,"14,968"
,Badlands NP,TOTAL TRAFFIC COUNT AT NORTHEAST ENTRANCE (2601),2018,6,"33,936"
,Badlands NP,TOTAL TRAFFIC COUNT AT NORTHEAST ENTRANCE (2601),2018,7,"41,932"
,Badlands NP,TOTAL TRAFFIC COUNT AT NORTHEAST ENTRANCE (2601),2018,8,"32,484"
